PETITION,NAME OF PROPERTY,ADDRESS,NEIGHBORHOOD,PETITION BY,CATEGORY,DETAILS,full_address,lat,lon,coordinate,PID
288,Hotel Buckminster,635-645 Beacon Street,Kenmore,10 voters,A = Individual Landmark,BLC designation vote 2023,"635-645 Beacon Street, Kenmore, MA, USA",42.3471315,-71.1033303,"42.3471315, -71.1033303",0
286,William S. Keith House,1911 Centre St,West Roxbury,10 voters,D = Designated or Pending but Demolished,Razed 2022,"1911 Centre St, West Roxbury, MA, USA",42.28498645,-71.15685764,"42.28498645, -71.15685764135037",0
285,Blue Hill Bank,1110 Washington St,Mattapan,10 voters,C = Pending Landmark/District,Under study - Mar 2022,"1110 Washington St, Mattapan, MA, USA",42.2721879,-71.0681849,"42.2721879, -71.0681849",0
284,Bailey-Conant House,77 Bailey St,Dorchester,10 voters,C = Pending Landmark/District,Under study - Mar 2022,"77 Bailey St, Dorchester, MA, USA",42.2847027,-71.06529448,"42.2847027, -71.06529447791155",0
282,Humphreys Street Studios ACD,11-13 Humphreys St,Dorchester,10 voters,"O = Other, non-designation action",Withdrawn,"11-13 Humphreys St, Dorchester, MA, USA",42.31935,-71.06644,"42.31935, -71.06644",0
281,Ames-Barnard-Everett House ACD,37 Glendale St,Dorchester,10 voters,C = Pending Landmark/District,Under study - Jan 2022,"37 Glendale St, Dorchester, MA, USA",42.313121,-71.06725667,"42.313120999999995, -71.06725666666667",0
280,Field-Knight House,10 Melville Avenue,Dorchester,Commissioner,C = Pending Landmark/District,Under study - Oct 2021,"10 Melville Avenue, Dorchester, MA, USA",42.29417425,-71.07028363,"42.29417425, -71.07028363226054",0
279,George Haynes House ACD,1126 Washington St,Dorchester,10 voters,C = Pending Landmark/District,Under study - Oct 2021,"1126 Washington St, Dorchester, MA, USA",42.27309375,-71.06953415,"42.27309375, -71.06953414740451",0
278,Enoch Baldwin House ACD,58 River St,Mattapan,10 voters,C = Pending Landmark/District,Under Study - Oct 2021,"58 River St, Mattapan, MA, USA",42.27175005521835,-71.0725375,"42.27175005521835, -71.07253750209182",0
275,Ayer Mansion (interior),395 Commonwealth Ave,Back Bay,10 voters,A = Individual Landmark,BLC designation vote 2022,"395 Commonwealth Ave, Back Bay, MA, USA",42.3495107,-71.09031061,"42.349510699999996, -71.09031061317336",0
273,William Carr House (razed),38 Lexington St,East Boston,10 voters,D = Designated or Pending but Demolished,Razed 4/2021,"38 Lexington St, East Boston, MA, USA",42.37751865,-71.03847247,"42.37751865, -71.0384724688368",0
271,Robert Swan House ACD razed 6-14-22,29 High St,Dorchester,10 voters,D = Designated or Pending but Demolished,Razed 2022,"29 High St, Dorchester, MA, USA",42.30943555,-71.06150583,"42.30943555, -71.06150582793029",0
270,Daniel Withington House ACD,19 Ashland St,Dorchester,10 voters,C = Pending Landmark/District,Under study as of 1/2021,"19 Ashland St, Dorchester, MA, USA",42.29974355,-71.05286573,"42.29974355, -71.05286572747214",0
269,Howe-Kingsley House,16 Howe St,Dorchester,10 Voters,A = Individual Landmark,BLC designation vote 2022,"16 Howe St, Dorchester, MA, USA",42.3112119,-71.06440745,"42.3112119, -71.06440745",0
268,Old South Meeting House,2 Milk St,Downtown,Commissioner,C = Pending Landmark/District,Under Study as of 3/2020,"2 Milk St, Downtown, MA, USA",42.3569904,-71.05838377,"42.3569904, -71.05838377025316",0
267,Stanhope Stable,Stanhope St,Back Bay,10 Voters,C = Pending Landmark/District,Under Study as of 3/2020,"Stanhope St, Back Bay, MA, USA",42.3488669,-71.0723534,"42.3488669, -71.0723534",0
266,Tileston House,13 River St,Dorchester,10 Voters,A = Individual Landmark,BLC designation vote 2022,"13 River St, Dorchester, MA, USA",42.2718579,-71.0720272,"42.2718579, -71.0720272",0
265,Old North Church,193 Salem St,North End,10 Voters,C = Pending Landmark/District,Under Study as of 5/14/19,"193 Salem St, North End, MA, USA",42.36631595,-71.05444778,"42.36631595, -71.05444777645006",0302114000
264,North Bennet Street Bath House & Gymnasium (Nazzaro Center),30-32 N. Bennet St,North End,10 Voters,A = Individual Landmark,BLC designation vote 2023,"30-32 N. Bennet St, North End, MA, USA",42.3653054,-71.0542542,"42.3653054, -71.0542542",0
263,Calf Pasture Pumping Station,435 Mt. Vernon St,Dorchester,10 Voters,C = Pending Landmark/District,Under Study as of 10/9/18,"240 William T Morrissey Blvd, Boston, MA 02125",42.31601575,-71.03752619,"42.31611998201286, -71.03739680917253",1303413000
262,"Cedar Street, 50/St James African Orthod Church",50 Cedar St,Roxbury,10 Voters,A = Individual Landmark,BLC designation vote 2018,"50 Cedar St, Roxbury, MA, USA",42.324982,-71.091042,"42.324982, -71.091042",0
261,"Maverick Street, 144-146",144-146 Maverick St,East Boston,10 Voters,D = Designated or Pending but Demolished,Razed 2018,"144-146 Maverick St, East Boston, MA, USA",42.3701177,-71.0389169,"42.3701177, -71.0389169",0
260,"Maverick Street, 144-146",144-146 Maverick St,East Boston,10 Voters,"O = Other, non-designation action","11/17 hearing, withdrawn","144-146 Maverick St, East Boston, MA, USA",42.3701177,-71.0389169,"42.3701177, -71.0389169",0
259,Bond-Hampton House,88 Lambert Ave,Roxbury,10 Voters,A = Individual Landmark,BLC designation vote 2022,"88 Lambert Ave, Roxbury, MA, USA",42.3262848,-71.09110625,"42.326284799999996, -71.09110624984737",0
258,O'Brien's Market,1911 Dorchester Ave,Dorchester,10 Voters,C = Pending Landmark/District,Under Study 2016,"1911 Dorchester Ave, Dorchester, MA, USA",42.2853855,-71.0645859,"42.2853855, -71.0645859",0
254,"Warren House, The",130 Warren St,Roxbury,10 Voters,A = Individual Landmark,BLC designation vote 2022,"130 Warren St, Roxbury, MA, USA",42.326244900000006,-71.08287972,"42.326244900000006, -71.0828797172078",0
253,Prouty Garden,Children’s Hospital,Longwood,10 Voters,F = Unsuccessful Petition & Demolished,"Denied 2015, demolished","Children’s Hospital, Longwood, MA, USA",42.33716075,-71.10568624,"42.33716075, -71.10568624232673",0
252,"Willow Court, 68",68 Willow Court,Dorchester,10 Voters,F = Unsuccessful Petition & Demolished,"Denied 2014, demolished","68 Willow Court, Dorchester, MA, USA",42.32451321749137,-71.06368806,"42.32451321749137, -71.06368806022249",0
251,"Adams Street, 884",884 Adams St,Dorchester,10 Voters,F = Unsuccessful Petition & Demolished,"Denied 2014, demolished","884 Adams St, Dorchester, MA, USA",42.2811666,-71.0586136,"42.2811666, -71.0586136003152",0
249,James Collins Mansion,928 East Broadway,South Boston,10 voters,A = Individual Landmark,BLC designation vote 2014,"928 East Broadway, South Boston, MA, USA",42.33622295000001,-71.026857,"42.33622295000001, -71.02685699951766",0
247,Industrial School for Girls 2d petition,232 Centre St,Dorchester,10 voters,A = Individual Landmark,BLC designation vote 2023,"232 Centre St, Dorchester, MA, USA",42.2936419,-71.0635473,"42.2936419, -71.0635473",0
246,Kehew-Wright House,24 Grampian Way,Dorchester,10 voters,F = Unsuccessful Petition & Demolished,"CCncl Veto 2013, razed 2014","24 Grampian Way, Dorchester, MA, USA",42.3113904,-71.0512773,"42.3113904, -71.0512773",0
245,Harvard Medical School,689 Huntington Ave,Fenway,10 voters,C = Pending Landmark/District,Under Study - 2011,"689 Huntington Ave, Fenway, MA, USA",42.33563468275001,-71.10122192,"42.33563468275001, -71.10122192065252",0
244,Huntington Avenue YMCA 2d petition,316-320 Huntington Ave,Fenway,10 voters,E = Unsuccessful Petition,Petition denied 8/23/11,"316-320 Huntington Ave, Fenway, MA, USA",42.3347773,-71.1034616,"42.3347773, -71.1034616",0
243,William Lloyd Garrison House,125 Highland St,Roxbury,10 voters,C = Pending Landmark/District,Under Study - 2011,"125 Highland St, Roxbury, MA, USA",42.3259041,-71.0936769,"42.3259041, -71.09367690083184",0
242,Massachusetts Historical Society,1154 Boylston St,Fenway,10 voters,A = Individual Landmark,BLC designation voted 2016,"1154 Boylston St, Fenway, MA, USA",42.3464702,-71.089955,"42.3464702, -71.089955",0401754000
241,Museum of Fine Arts,465 Huntington Ave,Fenway,10 voters,C = Pending Landmark/District,Under Study -2011,"465 Huntington Ave, Fenway, MA, USA",42.3387721,-71.0945366,"42.3387721, -71.0945366",0
240,Symphony Hall (exterior and interior),301 Massachusetts Ave,Fenway,10 voters,C = Pending Landmark/District,Under Study - 2011,"301 Massachusetts Ave, Fenway, MA, USA",42.3428434,-71.08568201,"42.342884613073, -71.0856884854264",0401482000
239,Horticultural Hall,247 Huntington Ave,Fenway,10 voters,C = Pending Landmark/District,Under Study - 2011,"247 Huntington Ave, Fenway, MA, USA",42.34179511461573,-71.08579215,"42.34179511461573, -71.08579214931193",0
238,Industrial School for Girls (see #247),232 Centre St,Dorchester,10 voters,E = Unsuccessful Petition,Petition denied 6/14/2011,"232 Centre St, Dorchester, MA, USA",42.2936419,-71.0635473,"42.2936419, -71.0635473",0
237,Huntington Avenue YMCA (see #244),316-320 Huntington Ave,Fenway,10 voters,E = Unsuccessful Petition,Petition denied 5/10/11,"316-320 Huntington Ave, Fenway, MA, USA",42.3347773,-71.1034616,"42.3347773, -71.1034616",0
236,New England Conservatory/Jordan Hall (ext&int),290 Huntington Ave,Fenway,10 voters,C = Pending Landmark/District,Under Study - 2011,"290 Huntington Ave, Fenway, MA, USA",42.34116229999999,-71.08607495,"42.34116229999999, -71.08607494986266",0
234,Alvah Kittredge House,10 Linwood St,Roxbury,10 voters,A = Individual Landmark,BLC designation Vote 2016,"10 Linwood St, Roxbury, MA, USA",42.32777775,-71.09298704,"42.327777749999996, -71.09298704289148",0
233,Arlington Bldg 2 (Shreve Crump & Low 2d),330 Boylston St,Back Bay,10 voters,E = Unsuccessful Petition,Petition denied 11/10/2008,"330 Boylston St, Back Bay, MA, USA",42.35157275,-71.07079423,"42.35157275, -71.07079422721148",0
229,Charles River Esplanade,Storrow Drive,Beacon Hill/Back Bay,10 Voters,A = Individual Landmark,BLC designation vote 2009,"Storrow Drive, Beacon Hill/Back Bay, MA, USA",42.3555609,-71.0753954,"42.3555609, -71.0753954",0
228,"Adams Street, 1203-5",1203-1205 Adams St,Dorchester,10 Voters,C = Pending Landmark/District,Under Study - 2007,"1203-1205 Adams St, Dorchester, MA, USA",42.2720295,-71.0678874,"42.2720295, -71.0678874",0
227,Boston Center for Adult Education,5 Commonwealth Ave,Back Bay,10 Voters,C = Pending Landmark/District,Under Study - 2007,"5 Commonwealth Ave, Back Bay, MA, USA",42.35388885,-71.07248001,"42.353888850000004, -71.07248000527457",0
226,Sparhawk Homestead (but district is pending),45 Murdock St,Brighton,10 Voters,E = Unsuccessful Petition,Denied (6-24-08),"45 Murdock St, Brighton, MA, USA",42.3513044,-71.14702193,"42.351304400000004, -71.14702193155449",0
225,"Pleasant Street, 65",65 Pleasant St,Dorchester,10 Voters,C = Pending Landmark/District,Under Study - 2007,"65 Pleasant St, Dorchester, MA, USA",42.31430165,-71.06033138,"42.314301650000004, -71.06033137649942",1301499000
223,Christian Science Church Complex,Mass. Ave / Huntington,Fenway,10 voters,A = Individual Landmark,BLC designation vote 2011,"Mass. Ave / Huntington, Fenway, MA, USA",42.342525,-71.084938,"42.342525, -71.084938",0
222,Arlington Bldg (Shreve Crump & Low see #233),330 Boylston St,Back Bay,10 voters,E = Unsuccessful Petition,Petition denied 10-24-06,"330 Boylston St, Back Bay, MA, USA",42.35157275,-71.07079423,"42.35157275, -71.07079422721148",0
220,Putnam Nail Factory [parcel 1602617008],12 Ericsson St,Dorchester,10 Voters,C = Pending Landmark/District,Under Study - 2006,"12 Ericsson St, Dorchester, MA, USA",42.2917987,-71.0408306,"42.2917987, -71.0408306",0
219,Putnam Nail Factory [parcel 1602617005],12 Ericsson St,Dorchester,10 Voters,C = Pending Landmark/District,Under Study - 2006,"12 Ericsson St, Dorchester, MA, USA",42.2917987,-71.0408306,"42.2917987, -71.0408306",0
217,Fowler-Clark Farm,487 Norfolk St,Mattapan,10 Voters,A = Individual Landmark,BLC designation vote 2006,"487 Norfolk St, Mattapan, MA, USA",42.2800213,-71.08908463,"42.2800213, -71.08908462606612",0
216,Our Lady of Presentation School,640 Washington St,Brighton,10 voters,C = Pending Landmark/District,Under Study - 2005,"640 Washington St, Brighton, MA, USA",42.52764142528736,-83.78775292,"42.52764142528736, -83.78775291954022",0
215,Our Lady of Presentation Church and Rectory,676-680 Washington St,Brighton,10 voters,C = Pending Landmark/District,Under Study - 2005,"676-680 Washington St, Brighton, MA, USA",42.3490815,-71.1527715,"42.3490815, -71.1527715",0
213,George Milliken House,44 Virginia St,Dorchester,10 Voters,A = Individual Landmark,BLC designation vote 2007,"44 Virginia St, Dorchester, MA, USA",42.3155568,-71.0681779,"42.315556799999996, -71.06817789545454",0
212,St. Augustine’s Church,225 Dorchester St,South Boston,10 Voters,E = Unsuccessful Petition,Petition denied 9/14/04,"225 Dorchester St, South Boston, MA, USA",42.3334027,-71.05108115,"42.3334027, -71.05108114524356",0
211,Stoughton School,36-40 River St,Dorchester,10 Voters,C = Pending Landmark/District,Under Study - 2004,"36-40 River St, Dorchester, MA, USA",42.2718579,-71.0720272,"42.2718579, -71.0720272",0
210,Sacred Heart Church,12 North Square,North End,10 Voters,C = Pending Landmark/District,Under Study - 2004,"12 North Square, North End, MA, USA",42.36371765,-71.05325772,"42.36371765, -71.05325771778786",0
208,Parker Hill Branch – BPL,1497 Tremont St,Mission Hill,10 Voters,C = Pending Landmark/District,Hearing 3/25/2003,"1497 Tremont St, Mission Hill, MA, USA",42.3324772,-71.0990632,"42.3324772, -71.0990632",0
207,Gaiety Theater,659-665 Washington St,Theater,10 Voters,F = Unsuccessful Petition & Demolished,"Denied 2003, demolished","659-665 Washington St, Theater, MA, USA",42.256153,-71.799763,"42.256153, -71.799763",0
206,Charles River Speedway Administration Building,1440 Soldiers Field Rd,Allston,Commissioner,A = Individual Landmark,BLC designation vote 2014,"1440 Soldiers Field Rd, Allston, MA, USA",42.36373364246115,-71.13985299,"42.36373364246115, -71.13985299381172",0
205,Charles F. Allen House,18 Roxana St,Hyde Park,10 Voters,C = Pending Landmark/District,Under Study - 2002,"18 Roxana St, Hyde Park, MA, USA",42.2515182,-71.13192956,"42.2515182, -71.13192956220237",0
203,Modern Theater,523-527 Washington St,"Boston, Downtown",10 Voters,A = Individual Landmark,BLC designation vote 2002,"523-527 Washington St, Boston, Downtown, MA, USA",42.3580673,-71.0578824,"42.3580673, -71.0578824",0
202,Joseph H. Barnes School,127 Marion St,East Boston,10 Voters,C = Pending Landmark/District,Under Study - 2001,"127 Marion St, East Boston, MA, USA",42.37682995,-71.0369001,"42.37682995, -71.03690009807387",0
200,Mission Church Complex,Tremont St,Mission Hill,10 Voters,A = Individual Landmark,BLC designation vote 2004,"Tremont St, Mission Hill, MA, USA",42.3337957,-71.1037063,"42.3337957, -71.1037063",0
199,Hillel House,456 Parker St,Mission Hill,10 Voters,E = Unsuccessful Petition,Petition Denied 10/10/2000,"456 Parker St, Mission Hill, MA, USA",42.338297,-71.092726,"42.338297, -71.092726",0
197,Oak Square Fire Station,425 Faneuil St,Brighton,Commissioner,C = Pending Landmark/District,Under Study,"425 Faneuil St, Brighton, MA, USA",42.3513336,-71.16818653,"42.351333600000004, -71.16818653351379",0
196,"Boston Public Library, Faneuil Branch",419 Faneuil St,Brighton,Commissioner,C = Pending Landmark/District,Under Study,"419 Faneuil St, Brighton, MA, USA",42.3513286,-71.16787179,"42.3513286, -71.16787179362348",0
195,East Boston Immigration Station,287 Marginal St,East Boston,10 Voters,E = Unsuccessful Petition,Denied (7/13/10),"287 Marginal St, East Boston, MA, USA",42.363932,-71.031246,"42.363932, -71.031246",0
194,Northern Avenue Bridge,Fort Point Channel,Boston,10 Voters,E = Unsuccessful Petition,Mayoral Veto 11/12/1999,"Fort Point Channel, Boston, MA, USA",42.3511655,-71.0516318,"42.3511655, -71.0516318",0
193,Baldwin Street Architectural Cons District,101-107 Baldwin St,Charlestown,10 Voters,C = Pending Landmark/District,Under Study (no accel desrev),"101-107 Baldwin St, Charlestown, MA, USA",42.3826652,-71.0698452,"42.3826652, -71.0698452",0
190,Malcolm X  Ella Little-Collins House,72 Dale St,Roxbury,10 Voters,A = Individual Landmark,BLC designation vote 1998,"72 Dale St, Roxbury, MA, USA",42.321409200000005,-71.08642569,"42.321409200000005, -71.08642568502968",0
188,Faneuil Gatekeeper’s House,351 Faneuil St,Brighton,10 Voters,C = Pending Landmark/District,Under Study,"351 Faneuil St, Brighton, MA, USA",42.352114,-71.165023,"42.352114, -71.165023",0
187,Loring-Greenough House (exterior and interior),12 South St,Jamaica Plain,10 Voters,A = Individual Landmark,BLC designation vote 1999,"12 South St, Jamaica Plain, MA, USA",42.3010757,-71.1145343,"42.3010757, -71.1145343",0
186,Edward Everett House,16 Harvard St,Charlestown,10 Voters,A = Individual Landmark,BLC designation vote 1996,"16 Harvard St, Charlestown, MA, USA",42.37207755,-71.06316177,"42.37207755, -71.06316177173112",0
185,Sewall & Day Cordage Works,342 Western Ave,Brighton,10 Voters,D = Designated or Pending but Demolished,"Hearing 8/95, razed 10/95?","342 Western Ave, Brighton, MA, USA",42.36309845354069,-71.13650338,"42.36309845354069, -71.13650338237119",0
183,Boston Fish Pier,212-234 Northern Ave,Seaport,10 Voters,C = Pending Landmark/District,Under Study,"212-234 Northern Ave, Seaport, MA, USA",42.3518965,-71.0374264,"42.3518965, -71.0374264",0
181,Old Corner Bookstore,277 & 283 Washington St,"Boston, Downtown",Commissioner,C = Pending Landmark/District,Under Study,"277 & 283 Washington St, Boston, Downtown, MA, USA",42.3580673,-71.0578824,"42.3580673, -71.0578824",0
176,Faneuil Hall,1-10 Faneuil Hall Sq.,"Boston, Downtown",Commissioner,A = Individual Landmark,BLC designation vote 1994,"1-10 Faneuil Hall Sq., Boston, Downtown, MA, USA",42.3601769,-71.056519,"42.3601769, -71.056519",0
175,Old State House,208 Washington St,"Boston, Downtown",Commissioner,A = Individual Landmark,BLC designation vote 1994,"208 Washington St, Boston, Downtown, MA, USA",42.35873055,-71.05746805,"42.358730550000004, -71.05746805051739",0
175,Old State House (amendment),208 Washington St,"Boston, Downtown",10 Voters,"O = Other, non-designation action","Voted 6/24/2014, App. 7/14","208 Washington St, Boston, Downtown, MA, USA",42.35873055,-71.05746805,"42.358730550000004, -71.05746805051739",0
174,Port Norfolk Architectural Conservation District,Port Norfolk,Dorchester,10 Voters,C = Pending Landmark/District,Under Study (no accel desrev),"Port Norfolk, Dorchester, MA, USA",42.2916151,-71.0405195,"42.2916151, -71.0405195",0
173,Allston Depot,353 Cambridge St,Allston,10 Voters,A = Individual Landmark,BLC designation vote 1997,"353 Cambridge St, Allston, MA, USA",42.3561391,-71.13249597,"42.3561391, -71.13249597483966",2201857000
171,Bijou Theater/Amusement Center,543-547 Washington St,Theater,10 Voters,C = Pending Landmark/District,Under Study,"543-547 Washington St, Theater, MA, USA",42.256153,-71.799763,"42.256153, -71.799763",0
168,Women's City Club (interior) 2d petition,39-40 Beacon St,Beacon Hill,10 Voters,E = Unsuccessful Petition,Denied 10/13/92,"39-40 Beacon St, Beacon Hill, MA, USA",42.3554659,-71.0724465,"42.3554659, -71.0724465",0
167,Women's City Club (interior),39-40 Beacon St,Beacon Hill,10 Voters,E = Unsuccessful Petition,Petition Denied 12/1991,"39-40 Beacon St, Beacon Hill, MA, USA",42.3554659,-71.0724465,"42.3554659, -71.0724465",0
166,Paine Furniture Building,81 Arlington St,Back Bay,10 Voters,C = Pending Landmark/District,Under Study,"81 Arlington St, Back Bay, MA, USA",42.35071107692308,-71.07025515,"42.350711076923076, -71.07025515384616",0
163,"Keith Building, The",St. Elizabeth's Hospital,Brighton,10 Voters,E = Unsuccessful Petition,Petition Denied 7/1990,"St. Elizabeth's Hospital, Brighton, MA, USA",42.34864995,-71.14799585,"42.348649949999995, -71.14799584850206",0
162,"Cenacle, The",206 Lake St,Brighton,10 Voters,E = Unsuccessful Petition,Denied 10/23/1990,"206 Lake St, Brighton, MA, USA",42.34647771428571,-71.16216643,"42.34647771428571, -71.16216642857144",0
161,624 Warren Street (interior),624 Warren St,Roxbury,10 Voters,E = Unsuccessful Petition,Petition Denied 2/1990,"624 Warren St, Roxbury, MA, USA",42.3107675,-71.08298157,"42.3107675, -71.08298157258525",0
156,"Princeton Street, 39 (indv bldg Arch Cons Dist)",39 Princeton St,East Boston,10 Voters,A = Individual Landmark,BLC Designation vote 1991,"39 Princeton St, East Boston, MA, USA",42.37682435000001,-71.0374493,"42.37682435000001, -71.03744929999999",0
155,"Princeton Street, 41 (indv bldg Arch Cons Dist)",41 Princeton St,East Boston,10 Voters,A = Individual Landmark,BLC Designation vote 1991,"41 Princeton St, East Boston, MA, USA",42.37684055,-71.03737342,"42.37684055, -71.03737341824404",0
153,Ferdinand's Blue Store Addition,17-19 Warren St,Roxbury,10 Voters,E = Unsuccessful Petition,"Petition Denied 4/89, demolished","17-19 Warren St, Roxbury, MA, USA",42.326094,-71.08345,"42.326094, -71.08345",0
152,Ferdinand's Blue Store,2260-2272 Washington St,Roxbury,10 Voters,C = Pending Landmark/District,Under Study,"2260-2272 Washington St, Roxbury, MA, USA",42.3083292,-71.0831534,"42.3083292, -71.0831534",0
151,Boston Evening Clinic (Burrage House) (interior),314 Commonwealth Av,Back Bay,10 Voters,A = Individual Landmark,BLC Designation vote 2003,"314 Commonwealth Av, Back Bay, MA, USA",42.3492749,-71.08613268,"42.3492749, -71.08613268244565",0
149,Gibson House (interior),137 Beacon St,Back Bay,10 Voters,A = Individual Landmark,BLC Designation vote 1992,"137 Beacon St, Back Bay, MA, USA",42.3547395,-71.0741161,"42.3547395, -71.0741161",0
148,Vilna Shul (interior),14-18 Phillips St,Beacon Hill,10 Voters,E = Unsuccessful Petition,City Cncl Veto 1/1990,"14-18 Phillips St, Beacon Hill, MA, USA",42.36016475,-71.06719867,"42.36016475, -71.06719867151531",0
147,Copley Plaza Hotel (interior/exterior),St. James Ave,Back Bay,10 Voters,C = Pending Landmark/District,Under Study,"St. James Ave, Back Bay, MA, USA",42.349644,-71.0756182,"42.349644, -71.0756182",0
146,Mass. College of Art (now Beth Israel),364 Brookline Ave,Fenway,10 Voters,C = Pending Landmark/District,Under Study,"364 Brookline Ave, Fenway, MA, USA",42.3385877,-71.1062405,"42.3385877, -71.1062405",0
145,Curley House (interior/exterior),350 Jamaicaway,Jamaica Plain,Mayor,A = Individual Landmark,BLC Designation vote 1989,"350 Jamaicaway, Jamaica Plain, MA, USA",42.319858,-71.11674492,"42.319857999999996, -71.11674492053884",0
141,Sears Building,Park Drive,Fenway,10 Voters,A = Individual Landmark,BLC Designation vote 1989,"Park Drive, Fenway, MA, USA",42.3475333,-71.1055481,"42.3475333, -71.1055481",0
136,James Michael Curley House (see #145),350 Jamaicaway,Jamaica Plain,10 Voters,E = Unsuccessful Petition,Mayoral Veto 6/28/1988,"350 Jamaicaway, Jamaica Plain, MA, USA",42.319858,-71.11674492,"42.319857999999996, -71.11674492053884",0
135,Pope/Cahner's Building,219-223 Columbus Ave,Back Bay,10 Voters,C = Pending Landmark/District,Under Study,"219-223 Columbus Ave, Back Bay, MA, USA",42.3479549,-71.0726585,"42.3479549, -71.0726585",0
133,First Church Jamaica Plain,Centre St,Jamaica Plain,10 Voters,"O = Other, non-designation action",Petition withdrawn,"Centre St, Jamaica Plain, MA, USA",42.297433,-71.13133,"42.297433, -71.13133",0
130,First Baptist Church (interior),Clarendon St,Back Bay,10 Voters,C = Pending Landmark/District,Under Study,"Clarendon St, Back Bay, MA, USA",42.3538355,-71.076758,"42.3538355, -71.076758",0
129,Great House Archaeological Site,City Square,Charlestown,Commissioner,A = Individual Landmark,BLC Designation vote 1992,"City Square, Charlestown, MA, USA",42.3721925,-71.061945,"42.3721925, -71.061945",0
128,"Coulton Building, The",426 Boylston St,Back Bay,10 Voters,E = Unsuccessful Petition,Denied 4/14/1987,"426 Boylston St, Back Bay, MA, USA",42.3511567,-71.0727532,"42.3511567, -71.0727532",0
127,"Broad Street, 127-133",127-133 Broad St,"Boston, Downtown",10 Voters,C = Pending Landmark/District,Under Study,"127-133 Broad St, Boston, Downtown, MA, USA",42.3570228,-71.0519776,"42.3570228, -71.0519776",0
126,"Broad Street, 123-125",123-125 Broad St,"Boston, Downtown",10 Voters,C = Pending Landmark/District,Under Study,"123-125 Broad St, Boston, Downtown, MA, USA",42.3586073,-71.0543513,"42.3586073, -71.0543513",0
125,"Broad Street, 115-119",115-119 Broad St,"Boston, Downtown",10 Voters,C = Pending Landmark/District,Under Study,"115-119 Broad St, Boston, Downtown, MA, USA",42.3586073,-71.0543513,"42.3586073, -71.0543513",0
124,"Broad Street, 109-113",109-113 Broad St,"Boston, Downtown",10 Voters,C = Pending Landmark/District,Under Study,"109-113 Broad St, Boston, Downtown, MA, USA",42.3586073,-71.0543513,"42.3586073, -71.0543513",0
123,Fisher Junior College (interior),118 Beacon St,Back Bay,10 Voters,C = Pending Landmark/District,Under Study,"118 Beacon St, Back Bay, MA, USA",42.355367900000005,-71.07373781,"42.355367900000005, -71.07373780610305",0
122,"First Church Roxbury (int&ext), Putnam Chapel",John Eliot Square,Roxbury,10 Voters,A = Individual Landmark,BLC Designation vote 2023,"John Eliot Square, Roxbury, MA, USA",42.32992935,-71.09082195,"42.32992935, -71.09082194557121",0
121,"Gridley J.F. Bryant Buildings, Boston City Hospital",Harrison Ave,South End,10 Voters,C = Pending Landmark/District,Under Study,"Harrison Ave, South End, MA, USA",42.336968,-71.0725949,"42.336968, -71.0725949",0
120,Church of the Immaculate Conception (see #41),761 Harrison Ave,South End,10 Voters,E = Unsuccessful Petition,Overturned by SJC,"761 Harrison Ave, South End, MA, USA",42.33736228,-71.0722822,"42.33736228, -71.07228219999999",0
119,Bonwit Teller/Museum of Natural History (int),234 Berkeley St,Back Bay,10 Voters,E = Unsuccessful Petition,Denied 4/26/1988,"234 Berkeley St, Back Bay, MA, USA",42.3512101,-71.0738903,"42.3512101, -71.0738903",0
118,Samuel Appleton Building,110-114 Milk St,"Boston, Downtown",10 Voters,C = Pending Landmark/District,Under Study,"110-114 Milk St, Boston, Downtown, MA, USA",42.3573866,-71.0548332,"42.3573866, -71.0548332",0
117,Flour & Grain Exchange,177 Milk St,"Boston, Downtown",10 Voters,A = Individual Landmark,BLC Designation vote 1994,"177 Milk St, Boston, Downtown, MA, USA",42.3583744,-71.05256089,"42.3583744, -71.05256088863945",0
116,Board of Trade Building,2-22 Broad St,"Boston, Downtown",10 Voters,C = Pending Landmark/District,Under Study,"2-22 Broad St, Boston, Downtown, MA, USA",42.3586073,-71.0543513,"42.3586073, -71.0543513",0
115,"Ropewalk, The",Navy Yard,Charlestown,Commissioner,A = Individual Landmark,BLC Designation vote 2024,"Navy Yard, Charlestown, MA, USA",42.373087850000005,-71.0569021,"42.373087850000005, -71.0569021012351",0
114,Ames Building,1 Court Square,"Boston, Downtown",10 Voters,A = Individual Landmark,BLC Designation vote 1993,"1 Court Square, Boston, Downtown, MA, USA",42.358903,-71.058518,"42.358903, -71.058518",0
113,Filene's,426 Washington St,"Boston, Downtown",10 Voters,A = Individual Landmark,BLC Designation vote 2006,"426 Washington St, Boston, Downtown, MA, USA",42.355539,-71.060287,"42.355539, -71.060287",0
112,Ancient Arch,North End,North End,10 Voters,E = Unsuccessful Petition,Denied 1/27/1987,"North End, North End, MA, USA",42.3617711,-71.05283654,"42.3617711, -71.05283653734105",0
111,Old South Building,280-300 Washington St,"Boston, Downtown",10 Voters,C = Pending Landmark/District,Under Study,"280-300 Washington St, Boston, Downtown, MA, USA",42.3572704,-71.0581215,"42.3572704, -71.0581215",0
110,Jeweler's Building,371-379 Washington St,"Boston, Downtown",10 Voters,C = Pending Landmark/District,Under Study,"371-379 Washington St, Boston, Downtown, MA, USA",42.3580673,-71.0578824,"42.3580673, -71.0578824",0
109,Trinity Church,Copley Square,Back Bay,10 Voters,C = Pending Landmark/District,Under Study,"Copley Square, Back Bay, MA, USA",42.3499921,-71.0764095,"42.3499921, -71.07640950207518",0
108,U.S. Custom House,McKinley Square,"Boston, Downtown",Commissioner,A = Individual Landmark,BLC Designation vote 1986,"McKinley Square, Boston, Downtown, MA, USA",42.359119,-71.05326713,"42.359119, -71.05326713477211",0
107,Chestnut Hill Reservoir & Pumping Station Comp,2400-2450 Beacon St,Brighton,Commissioner,A = Individual Landmark,BLC Designation vote 1989,"2400-2450 Beacon St, Brighton, MA, USA",42.33361155,-71.15301452,"42.33361155, -71.15301452311206",0
106,Prince Building,52-54 Devonshire St,"Boston, Downtown",Commissioner,E = Unsuccessful Petition,Denied 5/11/1993,"52-54 Devonshire St, Boston, Downtown, MA, USA",42.3569205,-71.0572959,"42.3569205, -71.0572959",0
105,National Shawmut Bank Building,70-84 Devonshire St,"Boston, Downtown",Commissioner,C = Pending Landmark/District,Under Study,"70-84 Devonshire St, Boston, Downtown, MA, USA",42.3569205,-71.0572959,"42.3569205, -71.0572959",0
104,Worthington Building,31-33 State St,"Boston, Downtown",Commissioner,C = Pending Landmark/District,Under Study,"31-33 State St, Boston, Downtown, MA, USA",42.3589326,-71.0563215,"42.3589326, -71.0563215",0
103,Quaker Lane,Quaker Lane,"Boston, Downtown",Commissioner,C = Pending Landmark/District,Under Study,"Quaker Lane, Boston, Downtown, MA, USA",42.3584616,-71.0567465,"42.3584616, -71.0567465",0
102,Coulton Building,452-462 Boylston St,Back Bay,10 Voters,E = Unsuccessful Petition,Denied 5/28/1985,"452-462 Boylston St, Back Bay, MA, USA",42.3495421,-71.0794009,"42.3495421, -71.0794009",0
101,Tremont Temple,88 Tremont St,"Boston, Downtown",10 Voters,A = Individual Landmark,BLC Designation vote 2023,"88 Tremont St, Boston, Downtown, MA, USA",42.3575093,-71.06049843,"42.357509300000004, -71.06049843494027",0
99,"Boston Public Library, main branch",Copley Square,Back Bay,10 Voters,A = Individual Landmark,BLC Designation vote 2000,"Copley Square, Back Bay, MA, USA",42.3499921,-71.0764095,"42.3499921, -71.07640950207518",0
98,South Street Building,183 Essex St,"Boston, Downtown",10 Voters,E = Unsuccessful Petition,Denied 4/23/1985,"183 Essex St, Boston, Downtown, MA, USA",42.3520465,-71.0573914,"42.3520465, -71.0573914",0
97,Second Brazer Building,25-29 State St,"Boston, Downtown",10 Voters,A = Individual Landmark,BLC Designation vote 1985,"25-29 State St, Boston, Downtown, MA, USA",42.3589326,-71.0563215,"42.3589326, -71.0563215",0
96,Lincoln Building,60-70 Lincoln St,"Boston, Downtown",10 Voters,C = Pending Landmark/District,Under Study,"60-70 Lincoln St, Boston, Downtown, MA, USA",42.353223,-71.0578607,"42.353223, -71.0578607",0
95,Richards Building,112-116 State St,"Boston, Downtown",10 Voters,A = Individual Landmark,BLC Designation vote 2023,"112-116 State St, Boston, Downtown, MA, USA",42.3589326,-71.0563215,"42.3589326, -71.0563215",0
94,Mission Hill Triangle Architectural Cons Dist.,Mission Hill,Mission Hill,10 Voters,B = District,BLC Designation vote 1986,"Mission Hill, Mission Hill, MA, USA",42.33255965,-71.10360774,"42.33255965, -71.10360773640765",0
93,North End District (Chapter 40C),North End,North End,City Council,C = Pending Landmark/District,Under Study (no accel desrev),"North End, North End, MA, USA",42.3617711,-71.05283654,"42.3617711, -71.05283653734105",0
92,Exeter Street Theater (interior),26 Exeter St,Back Bay,10 Voters,E = Unsuccessful Petition,Denied 5/8/1984,"26 Exeter St, Back Bay, MA, USA",42.3506427,-71.0797122,"42.350642699999995, -71.07971219901961",0
91,Berkeley Building,414-426 Boylston St,Back Bay,10 Voters,A = Individual Landmark,BLC Designation vote 1985,"414-426 Boylston St, Back Bay, MA, USA",42.351256,-71.072408,"42.351256, -71.072408",0
89,Jones Hill Architectural Conservation District,Jones Hill,Dorchester,10 Voters,C = Pending Landmark/District,Under Study (no accel desrev),"Jones Hill, Dorchester, MA, USA",42.3116044,-71.0628306,"42.3116044, -71.0628306",0
87,Keith Memorial/Opera House (int &exterior),537-539 Washington St,Theater,Commissioner,A = Individual Landmark,BLC designation vote 1999,"537-539 Washington St, Theater, MA, USA",42.256153,-71.799763,"42.256153, -71.799763",0
84,"Broad Street, 050-52",50-52 Broad St,"Boston, Downtown",Commissioner,A = Individual Landmark,BLC designation vote 1985,"50-52 Broad St, Boston, Downtown, MA, USA",42.3586073,-71.0543513,"42.3586073, -71.0543513",0
83,"Broad Street, 066",66 Broad St,"Boston, Downtown",Commissioner,A = Individual Landmark,BLC designation vote 1983,"66 Broad St, Boston, Downtown, MA, USA",42.35775564285714,-71.0535483,"42.35775564285714, -71.05354829591836",0
82,"India Street, 25-27",25-27 India St,"Boston, Downtown",Commissioner,A = Individual Landmark,BLC designation vote 1983,"25-27 India St, Boston, Downtown, MA, USA",42.3584015,-71.053144,"42.3584015, -71.053144",0
79,"Broad Street, 102",102 Broad St,"Boston, Downtown",Commissioner,A = Individual Landmark,BLC designation vote 1983,"102 Broad St, Boston, Downtown, MA, USA",42.357302,-71.05209204,"42.357302, -71.05209203869494",0
78,"Broad Street, 072",72 Broad St,"Boston, Downtown",Commissioner,A = Individual Landmark,BLC designation vote 1983,"72 Broad St, Boston, Downtown, MA, USA",42.35771015,-71.05274793,"42.35771015, -71.05274793087901",0
77,"Broad Street, 068",68 Broad St,"Boston, Downtown",Commissioner,A = Individual Landmark,BLC designation vote 1983,"68 Broad St, Boston, Downtown, MA, USA",42.3578164,-71.0533458,"42.3578164, -71.0533458",0
76,"Broad Street, 064",64 Broad St,"Boston, Downtown",Commissioner,A = Individual Landmark,BLC designation vote 1983,"64 Broad St, Boston, Downtown, MA, USA",42.3578564,-71.0533801,"42.3578564, -71.0533801",0
75,"Broad Street, 007-9",7-9 Broad St,"Boston, Downtown",Commissioner,A = Individual Landmark,BLC designation vote 1983,"7-9 Broad St, Boston, Downtown, MA, USA",42.3586073,-71.0543513,"42.3586073, -71.0543513",0
74,"Broad Street, 005-7 (petition 74A)",5-7 Broad St,"Boston, Downtown",Commissioner,A = Individual Landmark,BLC designation vote 1983,"5-7 Broad St, Boston, Downtown, MA, USA",42.3586073,-71.0543513,"42.3586073, -71.0543513",0
74,"Arch Street, 93-101",93-101 Arch St,"Boston, Downtown",Commissioner,E = Unsuccessful Petition,Denied 11/4/1983; MOU,"93-101 Arch St, Boston, Downtown, MA, USA",42.3550585,-71.0592246,"42.3550585, -71.0592246",0
73,Theodore Parker Unitarian Church,1851 Centre St,West Roxbury,10 Voters,A = Individual Landmark,BLC designation vote 1985,"1851 Centre St, West Roxbury, MA, USA",42.28637592142509,-71.15458717,"42.28637592142509, -71.15458717024565",0
72,St. Gabriel's Monastery Building (see #51),159 Washington St,Brighton,10 Voters,A = Individual Landmark,BLC designation vote 1989,"159 Washington St, Brighton, MA, USA",42.34627826206874,-71.14637557,"42.34627826206874, -71.14637556515385",0
71,Tugboat LUNA,Charles River,Charles River,10 Voters,A = Individual Landmark,BLC designation vote 1985,"Charles River, Charles River, MA, USA",42.2569517,-71.26953736,"42.2569517, -71.26953736497867",0
69,"Bromfield Street, 20-30",20-30 Bromfield St,"Boston, Downtown",10 Voters,A = Individual Landmark,BLC designation vote 1983,"20-30 Bromfield St, Boston, Downtown, MA, USA",42.3564188,-71.0595517,"42.3564188, -71.0595517",0
68,Kennedy's Building,26-38 Summer St,"Boston, Downtown",10 Voters,E = Unsuccessful Petition,Denied 9/18/1984,"26-38 Summer St, Boston, Downtown, MA, USA",42.3529861,-71.0563851,"42.3529861, -71.0563851",0
67,Liberty Tree Block (reconsideration),628-636 Washington St,Theater,Commissioner,A = Individual Landmark,BLC designation vote 1985,"628-636 Washington St, Theater, MA, USA",42.2544694,-71.7999218,"42.2544694, -71.7999218",0
65,Elisha Loring House,21 Mill St,Dorchester,10 Voters,C = Pending Landmark/District,Under Study,"21 Mill St, Dorchester, MA, USA",42.300219,-71.0525009,"42.300219, -71.0525009",0
64,Citgo Sign,660 Beacon St (roof),Kenmore,10 Voters,E = Unsuccessful Petition,"Denied 1/25/1983, Mayoral Veto 2018","Kenmore Square, Boston, MA, USA",42.34894795,-71.09625294,"42.3492324357969, -71.0961878772731",0503752000
63,Worthington House,1048 Dorchester Ave,Dorchester,10 Voters,E = Unsuccessful Petition,Petition denied 4/1982,"1048 Dorchester Ave, Dorchester, MA, USA",42.3150576,-71.05601547,"42.3150576, -71.05601547408213",0
62,Revision to St. Botolph District,St. Botolph St,Boston,Commissioner,"O = Other, non-designation action",BLC designation vote 3/23/1982,"St. Botolph St, Boston, MA, USA",42.3453486,-71.0802521,"42.3453486, -71.0802521",0
61,Parker House,60 School St,"Boston, Downtown",10 Voters,A = Individual Landmark,BLC designation vote 1/24/2023,"60 School St, Boston, Downtown, MA, USA",42.3578372,-71.0602361,"42.3578372, -71.0602361",0304696000
59,Austin Block,90-92 Main St,Charlestown,10 Voters,A = Individual Landmark,BLC designation vote 1981,"90-92 Main St, Charlestown, MA, USA",42.3846971,-71.074027,"42.3846971, -71.074027",0
58,Trinity Neighborhood House,406 Meridian St,East Boston,10 Voters,A = Individual Landmark,BLC designation vote 1981,"406 Meridian St, East Boston, MA, USA",42.38026175,-71.03954383,"42.38026175, -71.039543833365",0
57,Proctor Building,100-106 Bedford St,"Boston, Downtown",10 Voters,A = Individual Landmark,BLC designation vote 1983,"100-106 Bedford St, Boston, Downtown, MA, USA",42.3534164,-71.05913179,"42.3534164, -71.05913179288558",0
56,Back Bay Fens,The Fenway,Fenway,10 Voters,A = Individual Landmark,BLC designation vote 1983,"The Fenway, Fenway, MA, USA",42.34078235,-71.09176276,"42.34078235, -71.09176276253288",0
55,Dorchester Pottery Works,101-105 Victory Road,Dorchester,10 Voters,A = Individual Landmark,BLC designation vote 1980,"101-105 Victory Road, Dorchester, MA, USA",42.29945,-71.0457125,"42.29945, -71.0457125",0
54,Sparhawk Street District,Sparhawk St,Brighton,10 Voters,C = Pending Landmark/District,Under Study (no accel desrev),"Sparhawk St, Brighton, MA, USA",42.3508568,-71.1494645,"42.3508568, -71.1494645",0
53,Harrison Loring House,789 East Broadway,South Boston,10 Voters,A = Individual Landmark,BLC designation vote 1981,"789 East Broadway, South Boston, MA, USA",42.33545485,-71.03311002,"42.33545485, -71.03311001767119",0
52,United Shoe Machinery Company Building,160 Federal St,"Boston, Downtown",Commissioner,A = Individual Landmark,BLC designation vote 1983,"160 Federal St, Boston, Downtown, MA, USA",42.35406635,-71.05579155,"42.35406635, -71.0557915489229",0
51,St. Gabriel's Monastery Building (see #72),159 Washington St,Brighton,10 Voters,E = Unsuccessful Petition,Mayoral Veto 4/17/1981,"159 Washington St, Brighton, MA, USA",42.34627826206874,-71.14637557,"42.34627826206874, -71.14637556515385",0
50,Stock Exchange Building,53 State St,"Boston, Downtown",10 Voters,A = Individual Landmark,BLC designation vote 1980,"53 State St, Boston, Downtown, MA, USA",42.35834895,-71.05607392,"42.35834895, -71.05607392129772",0
49,Church Green Building,101-113 Summer St,"Boston, Downtown",10 Voters,A = Individual Landmark,BLC designation vote 1979,"101-113 Summer St, Boston, Downtown, MA, USA",42.3536753,-71.0580245,"42.3536753, -71.0580245",0
48,Cox Building,1-7 Dudley St,Roxbury,Commissioner,A = Individual Landmark,BLC designation voted 1979,"1-7 Dudley St, Roxbury, MA, USA",42.3231929,-71.0733867,"42.3231929, -71.0733867",0
46,Allen House,Worcester Square,South End,10 Voters,E = Unsuccessful Petition,Petition denied 4/1979,"Worcester Square, South End, MA, USA",42.33670115,-71.07474681,"42.336701149999996, -71.0747468097611",0
45,Alexander Graham Bell Building,35 & 38 W. Newton St,South End,10 Voters,E = Unsuccessful Petition,Petition denied 4/1979,"35 & 38 W. Newton St, South End, MA, USA",42.3441847,-71.0799959,"42.3441847, -71.0799959",0
44,St. Cloud Hotel,565-567 Tremont St,South End,10 Voters,E = Unsuccessful Petition,Petition Denied 4/1979,"565-567 Tremont St, South End, MA, USA",42.3346208,-71.0893429,"42.3346208, -71.0893429",0
43,All Saints Lutheran Church,85 W. Newton St,South End,10 Voters,E = Unsuccessful Petition,Petition Denied 4/1979,"85 W. Newton St, South End, MA, USA",42.34073777388368,-71.07578628,"42.340737773883674, -71.07578627709415",0
42,Franklin Park,Franklin Park,Roxbury,10 Voters,A = Individual Landmark,BLC Designation Vote 1980,"Franklin Park, Roxbury, MA, USA",42.30317145,-71.09460693,"42.30317145, -71.09460692605415",0
41,Church of the Immaculate Conception,761 Harrison Ave,South End,10 Voters,E = Unsuccessful Petition,Tabled (see #120),"761 Harrison Ave, South End, MA, USA",42.33736228,-71.0722822,"42.33736228, -71.07228219999999",0
37,Dorchester North Burying Ground,585 Columbia Road,Dorchester,10 Voters,A = Individual Landmark,BLC Designation Vote 1983,"585 Columbia Road, Dorchester, MA, USA",42.31494757142857,-71.06683771,"42.31494757142857, -71.06683771428573",0
35,Charlestown Savings Bank,1-4 Thompson Square,Charlestown,Commissioner,A = Individual Landmark,BLC Designation Vote 1978,"1-4 Thompson Square, Charlestown, MA, USA",42.3750837,-71.0637667,"42.3750837, -71.0637667",0
34,Liberty Tree Block (see #67 - 2d petition),628-636 Washington St,"Boston, Downtown",10 Voters,E = Unsuccessful Petition,Petition Denied 7/1978,"628-636 Washington St, Boston, Downtown, MA, USA",42.3521916,-71.0624754,"42.3521916, -71.0624754",0
33,St. Leonard's Church,31-35 Prince St,North End,10 Voters,C = Pending Landmark/District,Under Study,"31-35 Prince St, North End, MA, USA",42.3642696,-71.0538082,"42.3642696, -71.0538082",0
32,Eustis Street Architectural Conservation District,Washington St,Roxbury,10 Voters,B = District,BLC Designation Vote 1981 (heard by BLC),"Washington St, Roxbury, MA, USA",42.3082597,-71.0830358,"42.3082597, -71.0830358",0
31,Oak Square School,35 Nonantum St,Brighton,10 Voters,A = Individual Landmark,BLC Designation Vote 1979,"35 Nonantum St, Brighton, MA, USA",42.350102,-71.1688191,"42.350102, -71.16881910082802",0
30,Bancroft-Rice School,Appleton St,South End,10 Voters,E = Unsuccessful Petition,Petition Denied 2/1978,"Appleton St, South End, MA, USA",42.3456703,-71.0727618,"42.3456703, -71.0727618",0
26,Federal Reserve Bank,30 Pearl St,"Boston, Downtown",10 Voters,A = Individual Landmark,BLC Designation Vote 1978,"30 Pearl St, Boston, Downtown, MA, USA",42.35654994294731,-71.05527446,"42.35654994294731, -71.05527446448212",0
24,Eben Jordan House (interior),46 Beacon St,Beacon Hill,10 Voters,C = Pending Landmark/District,Under Study - 2000,"46 Beacon St, Beacon Hill, MA, USA",42.3586355,-71.06095908,"42.3586355, -71.06095908333333",0501489001
20,James Blake House (interior & exterior),210 East Cottage St,Dorchester,Commissioner,A = Individual Landmark,BLC Designation Vote 1978,"210 East Cottage St, Dorchester, MA, USA",42.31915272560833,-71.05978322,"42.31915272560833, -71.05978322269851",0
18,William Monroe Trotter House,97 Sawyer Ave,Dorchester,Commissioner,A = Individual Landmark,BLC Designation Vote 1977,"97 Sawyer Ave, Dorchester, MA, USA",42.31302265,-71.06277768,"42.31302265, -71.0627776814161",0
17,Hayden Building,681 Washington St,Theater,Commissioner,A = Individual Landmark,BLC Designation Vote 1977,"681 Washington St, Theater, MA, USA",42.256153,-71.799763,"42.256153, -71.799763",0
16,Ebenezer Hancock House (interior & exterior),Marshall St,"Boston, Downtown",Commissioner,A = Individual Landmark,BLC Designation Vote 1978,"Marshall St, Boston, Downtown, MA, USA",42.3615803,-71.0569296,"42.3615803, -71.0569296",0
15,Arlington Street Church,355 Boylston St,Back Bay,10 Voters,A = Individual Landmark,BLC Designation Vote 1978,"355 Boylston St, Back Bay, MA, USA",42.3519972,-71.0715955,"42.3519972, -71.0715955",0
14,Brook Farm,670 Baker St,West Roxbury,10 Voters,A = Individual Landmark,BLC Designation Vote 1977,"670 Baker St, West Roxbury, MA, USA",42.29098205102041,-71.17357074,"42.29098205102041, -71.17357074489796",0
12,Commercial Wharf,Atlantic Ave,Waterfront,10 Voters,C = Pending Landmark/District,Under Study - 1977,"Atlantic Ave, Waterfront, MA, USA",42.3604879,-71.0523016,"42.3604879, -71.0523016",0
11,"State Street, 150-152",150-152 State St,"Boston, Downtown",10 Voters,E = Unsuccessful Petition,Petition Denied 6/1979,"150-152 State St, Boston, Downtown, MA, USA",42.3589326,-71.0563215,"42.3589326, -71.0563215",0
10,"Newbury Street, 37",37 Newbury St,Back Bay,10 Voters,E = Unsuccessful Petition,Petition Denied 8/1978,"37 Newbury St, Back Bay, MA, USA",42.34977045,-71.08248039,"42.34977045, -71.0824803892694",0
9,Ashmont Hill Architectural Conservation District,Ashmont Hill,Dorchester,10 Voters,C = Pending Landmark/District,Under Study - 1977,"Ashmont Hill, Dorchester, MA, USA",42.3205478,-71.05247474,"42.3205478, -71.05247474424851",0
8,Roswell Gleason House,101 Claybourne St,Dorchester,Commissioner,D = Designated or Pending but Demolished,Burned/Demolished 10/1982,"101 Claybourne St, Dorchester, MA, USA",42.29681956322993,-71.07140859,"42.29681956322993, -71.07140859227093",0
7,Adams Nervine Asylum,990-1020 Centre St,Jamaica Plain,Commissioner,A = Individual Landmark,BLC Designation vote 1977,"990-1020 Centre St, Jamaica Plain, MA, USA",42.30636545,-71.12304549,"42.30636545, -71.12304549264893",0
6,International Trust Company Building,45 Milk St,"Boston, Downtown",Commissioner,A = Individual Landmark,BLC Designation vote 1978,"45 Milk St, Boston, Downtown, MA, USA",42.3565434,-71.05757881,"42.3565434, -71.05757881156",0
5,Public Garden,Beacon St,"Boston, Downtown",Commissioner,A = Individual Landmark,BLC Designation vote 1977,"Beacon St, Boston, Downtown, MA, USA",42.3582214,-71.0612733,"42.3582214, -71.0612733",0
4,Boston Common,Beacon Street,Downtown,Commissioner,A = Individual Landmark,BLC Designation vote 1977,"Beacon Street, Downtown, MA, USA",42.3582214,-71.0612733,"42.3582214, -71.0612733",0
3,"Donald McKay House [barn razed 5-2022, owner must rebuild]",80 White St,East Boston,Commissioner,A = Individual Landmark,BLC Designation vote 1977,"80 White St, East Boston, MA, USA",42.380454875000005,-71.03463125,"42.380454875000005, -71.03463125",0
1,St. Mary of the Sacred Heart Church,24 Thatcher St,North End,10 Voters,E = Unsuccessful Petition,Denied 1/25/1977,"24 Thatcher St, North End, MA, USA",43.6239616,-116.1962685,"43.6239616, -116.1962685",0
